{"awos_temp": "26", "awos_rh": "91", "awos_dp": "24", "awos_winddir": "020", "awos_winds": "04", "awos_2min_winds": "4", "awos_2min_winddir": "020", "awos_2min_windsmin": "3", "awos_2min_windsmax": "5", "awos_2min_windscross": "1", "awos_2min_windsheadtail": "4", "awos_radiation": "0", "awos_precipitation": "0.0", "awos_qfe": "1007", "awos_qnh": "1007", "awos_densalt": "1800", "awos_varwinds": null, "awos_gust": null, "timestamp": "2026-02-16 15:52:00", "original_image": "Data AWS AWOS/AWOS/images/scanned/awos_20260216_155200.jpg"}