{"aws_10min_winddir": "60", "aws_10min_winds": "0.8", "aws_10min_windsmax": "1.4", "aws_stap": "1007.9", "aws_temp": "25.5", "aws_dewp": "24.5", "aws_rh": "94", "aws_rr6": "0.0", "aws_10gusth": null, "aws_fxi": null, "aws_10gust3h": null, "aws_fxi3h": null, "aws_10gust6h": null, "aws_fxi6h": null, "aws_mslp": "1008.5", "aws_ivar3": "8", "aws_var3s": "-0.1", "aws_var24": "-0.6", "aws_tn12": "25.5", "aws_tn24": "25.1", "aws_tx12": "34.4", "aws_tx24": "34.4", "aws_rr03": "0.4", "aws_rr06": "0.4", "aws_rr12": "1.0", "aws_rr24": "1.0", "aws_insd24": "232", "aws_glor24": "17118000", "timestamp": "2026-02-16 15:52:15", "original_image": "Data AWS AWOS/AWS/images/scanned/aws_20260216_155215.jpg"}